player_id,name_first,name_last,hand,birthdate,country
100011,Torben,Ulrich,L,1932-10-04,DEN
100016,Ken,Rosewall,R,1934-11-02,AUS
100022,Roy,Emerson,R,1936-11-03,AUS
100025,Barry,Phillips Moore,R,1937-07-09,AUS
100026,Andres,Gimeno,R,1937-08-03,ESP
100029,Rod,Laver,L,1938-08-09,AUS
100030,Fred,Stolle,R,1938-10-08,AUS
100035,Ion,Tiriac,R,1939-05-09,ROU
100037,Nikola,Pilic,L,1939-08-27,CRO
100038,Jaime,Pinto Bravo,R,1939-10-09,CHI
100039,Boro,Jovanovic,R,1939-10-21,CRO
100040,Bob,Hewitt,R,1940-01-12,RSA
100045,John,Paish,L,1940-03-23,GBR
100047,Bob,Carmichael,R,1940-07-04,AUS
100049,Jim,Mcmanus,L,1940-09-16,USA
100050,Martin,Mulligan,R,1940-10-18,AUS
100054,Jose,Mandarino,R,1941-03-26,BRA
100055,Cliff,Drysdale,R,1941-05-26,RSA
100056,Harald,Elschenbroich,R,1941-06-19,GER
100057,Pierre,Barthes,R,1941-09-13,FRA
100058,Roger,Taylor,L,1941-10-14,GBR
100060,Marty,Riessen,R,1941-12-04,USA
100061,Tom,Edlefsen,R,1941-12-12,USA
100062,Francois,Jauffret,R,1942-02-09,FRA
100064,Juan,Gisbert,R,1942-04-05,ESP
100065,Terry,Ryan,R,1942-04-27,RSA
100066,Frank,Froehling,R,1942-05-19,USA
100067,Frew,Mcmillan,R,1942-05-20,RSA
100073,Mark,Cox,L,1943-07-05,GBR
100074,Arthur,Ashe,R,1943-07-10,USA
100075,Owen,Davidson,L,1943-10-04,AUS
100076,Milan,Holecek,R,1943-10-23,CZE
100078,Clark,Graebner,R,1943-11-04,USA
100080,Szabolcz,Baranyi,R,1944-01-31,HUN
100081,Charlie,Pasarell,R,1944-02-12,USA
100082,Roger,Dowdeswell,R,1944-02-16,ZIM
100083,Nicola,Spear,R,1944-02-22,SRB
100084,Tom,Okker,R,1944-02-22,NED
100085,Hans Jaochim,Plotz,R,1944-02-26,GER
100087,John,Newcombe,R,1944-05-23,AUS
100088,Patricio,Cornejo,R,1944-06-06,CHI
100090,Dick,Crealy,R,1944-09-18,AUS
100091,Colin,Dibley,R,1944-09-19,AUS
100092,Alex,Metreveli,R,1944-11-02,RUS
100093,William,Brown,R,1945-01-14,USA
100098,Ove Nils,Bengtson,R,1945-04-05,SWE
100099,Thomaz,Koch,L,1945-05-11,BRA
100100,Tony,Roche,L,1945-05-17,AUS
100105,Allan,Stone,R,1945-10-14,AUS
100106,Graham,Stilwell,R,1945-11-15,GBR
100109,Jun,Kuki,R,1945-12-28,JPN
100110,Terry,Addison,R,1946-01-11,AUS
100113,Jan,Kodes,R,1946-03-01,CZE
100114,Ray,Ruffels,R,1946-03-23,AUS
100115,Jaime,Fillol,R,1946-06-03,CHI
100116,Sherwood,Stewart,R,1946-06-06,USA
100117,Butch,Seewagen,R,1946-06-13,USA
100118,Ivan,Molina,L,1946-06-16,COL
100119,Ilie,Nastase,R,1946-07-19,ROU
100120,Robert,Maud,R,1946-08-12,RSA
100121,Raymond,Moore,R,1946-08-24,RSA
100122,Julian,Ganzabal,R,1946-08-25,ARG
100125,John,Cooper,R,1946-11-04,AUS
100126,Stan,Smith,R,1946-12-14,USA
100127,Tom,Gorman,R,1946-12-19,USA
100128,Cliff,Richey,R,1946-12-31,USA
100129,Jean Baptiste,Chanfreau,R,1947-01-17,FRA
100130,Vladimir,Zednik,R,1947-02-01,CZE
100133,Pat,Cramer,R,1947-03-21,RSA
100135,Onny,Parun,R,1947-04-15,NZL
100137,Han Jurgen,Pohmann,R,1947-05-23,GER
100139,Gerald,Battrick,R,1947-05-27,GBR
100141,Zeljko,Franulovic,R,1947-06-13,CRO
100142,Peter,Szoke,R,1947-08-08,HUN
100144,Robert,Lutz,R,1947-08-29,USA
100145,Dick,Dell,R,1947-09-29,USA
100146,Jun,Kamiwazumi,R,1947-10-01,JPN
100147,Marcello,Lara,R,1947-10-05,MEX
100148,Ismail,El Shafei,R,1947-11-15,EGY
100149,Toshiro,Sakai,R,1947-11-23,JPN
100156,Jasjit,Singh,R,1948-02-04,IND
100158,John,Bartlett,R,1948-03-17,AUS
100160,Georges,Goven,R,1948-04-26,FRA
100161,Jurgen,Fassbender,R,1948-05-28,GER
100162,Brian,Fairlie,R,1948-06-13,NZL
100163,Tom,Leonard,R,1948-07-15,USA
100169,Ian,Fletcher,R,1948-12-01,AUS
100170,Bernard,Mignot,R,1948-12-03,BEL
100171,John,Yuill,R,1948-12-12,RSA
100172,Modesto Tito,Vazquez,R,1949-01-01,ESP
100173,Andrew,Pattison,R,1949-01-30,USA
100174,Manuel,Orantes,L,1949-02-06,ESP
100176,Hans,Kary,L,1949-02-23,AUT
100178,Bob,Giltinan,R,1949-04-07,AUS
100179,Karl,Meiler,R,1949-04-30,GER
100182,Mike,Estep,R,1949-07-19,USA
100185,Patrick,Proisy,R,1949-09-10,FRA
100186,Jeff,Borowiak,R,1949-09-25,USA
100190,Norman,Holmes,R,1949-10-05,USA
100193,Wanaro,Ngodrella,R,1949-10-19,FRA
100196,Haroon,Rahim,R,1949-11-12,PAK
100197,Alejandro,Pierola,R,1949-11-20,CHI
100198,Alvaro,Betancur,R,1950-01-03,COL
100199,Patrice,Dominguez,L,1950-01-12,FRA
100200,Antonio,Zugarelli,R,1950-01-17,ITA
100201,Syd,Ball,R,1950-01-24,AUS
100203,Phil,Dent,R,1950-02-14,AUS
100205,Paul,Gerken,R,1950-03-15,USA
100210,Steve,Docherty,R,1950-05-06,AUS
100211,Louk,Sanders,R,1950-05-09,NED
100214,Adriano,Panatta,R,1950-07-09,ITA
100215,Fred,Mcnair,R,1950-07-22,USA
100216,Charles,Owens,R,1950-07-31,USA
100219,Geoff,Masters,R,1950-09-19,AUS
100220,Jiri,Hrebec,R,1950-09-19,CZE
100221,Carlos,Kirmayr,R,1950-09-23,BRA
100223,Jeff,Simpson,R,1950-10-29,NZL
100226,Mike,Machette,R,1951-01-27,USA
100227,Alvin,Gardiner,R,1951-02-11,AUS
100228,Kjell,Johansson,R,1951-02-12,SWE
100229,Dick,Stockton,R,1951-02-18,USA
100231,Erik,Van Dillen,R,1951-02-21,USA
100232,Eddie,Dibbs,R,1951-02-23,USA
100233,Ricardo,Cano,R,1951-02-26,ARG
100235,Antonio,Munoz,R,1951-03-01,ESP
100236,John,James,R,1951-03-07,AUS
100240,Joao,Soares,R,1951-04-25,BRA
100243,Steve,Krulevitz,R,1951-05-30,USA
100244,John,Alexander,R,1951-07-04,AUS
100245,Jeff,Austin,R,1951-07-05,USA
100247,Rolf,Thung,L,1951-07-27,NED
100249,Paolo,Bertolucci,R,1951-08-03,ITA
100251,Grover Raz,Reid,R,1951-08-27,USA
100252,Tim,Gullikson,R,1951-09-08,USA
100253,Tom,Gullikson,L,1951-09-08,USA
100255,Roscoe,Tanner,L,1951-10-15,USA
100257,Ross,Case,R,1951-11-01,AUS
100258,Jorge,Andrew,R,1951-11-02,VEN
100259,Peter,Feigl,R,1951-11-30,AUT
100261,Brian,Gottfried,R,1952-01-27,USA
100262,Rolf,Norberg,R,1952-01-31,SWE
100263,John,Andrews,R,1952-02-05,USA
100265,Cliff,Letcher,R,1952-02-09,AUS
100266,John,Feaver,R,1952-02-16,GBR
100270,Anand,Amritraj,R,1952-03-20,IND
100271,Jean Francois,Caujolle,L,1952-03-31,FRA
100272,Sandy,Mayer,R,1952-04-05,USA
100273,Kim,Warwick,R,1952-04-08,AUS
100274,Eric,Deblicker,R,1952-04-17,FRA
100276,Terry,Moor,L,1952-04-23,USA
100278,Frank,Gebert,R,1952-06-11,GER
100279,Mike,Cahill,R,1952-06-17,USA
100280,Wojtek,Fibak,R,1952-08-03,POL
100281,Sashi,Menon,R,1952-08-09,IND
100282,Guillermo,Vilas,L,1952-08-17,ARG
100284,Jimmy,Connors,L,1952-09-02,USA
100285,Rod,Frawley,R,1952-09-08,AUS
100286,Harold,Solomon,R,1952-09-17,USA
100287,Robin,Drysdale,R,1952-09-18,GBR
100289,Byron,Bertram,R,1952-10-29,RSA
100293,John,Marks,R,1952-12-09,AUS
100297,Corrado,Barazzutti,R,1953-02-19,ITA
100299,James Chico,Hagey,R,1953-02-25,USA
100300,Jose,Higueras,R,1953-03-01,ESP
100301,Jim,Delaney,R,1953-03-12,USA
100304,Robert,Kreiss,R,1953-04-30,USA
100309,Raul,Ramirez,R,1953-06-20,MEX
100313,Keith,Richardson,R,1953-08-18,USA
100314,Bernard,Fritz,R,1953-10-05,FRA
100315,Hank,Pfister,R,1953-10-09,USA
100317,Stephen,Warboys,R,1953-10-25,GBR
100319,Rick,Fagel,R,1953-11-29,USA
100321,Vijay,Amritraj,R,1953-12-14,IND
100323,Givaldo,Barbosa,R,1954-01-25,BRA
100324,John,Whitlinger,R,1954-02-04,USA
100325,Ulrich,Pinner,R,1954-02-07,GER
100326,Russell,Simpson,R,1954-02-22,NZL
100327,Willem,Prinsloo,R,1954-02-25,RSA
100331,Jean Louis,Haillet,R,1954-05-07,FRA
100332,Balazs,Taroczy,R,1954-05-09,HUN
100337,Mark,Edmondson,R,1954-06-24,AUS
100339,Victor,Amaya,L,1954-07-02,USA
100342,Vitas,Gerulaitis,R,1954-07-26,USA
100343,John,Lloyd,R,1954-08-27,GBR
100345,Pat,Dupre,R,1954-09-16,USA
100346,Paul,Kronk,R,1954-09-22,AUS
100354,Bernard,Mitton,R,1954-11-09,RSA
100356,Paul,Mcnamee,R,1954-11-12,AUS
100358,Mike,Fishbach,R,1954-12-01,USA
100359,Richard,Lewis,L,1954-12-06,GBR
100360,Brian,Teacher,R,1954-12-23,USA
100362,Peter,Fleming,R,1955-01-21,USA
100363,Jiri,Granat,R,1955-01-28,CZE
100367,Belus,Prajoux,R,1955-02-27,CHI
100368,Haroon,Ismail,R,1955-02-27,ZIM
100372,Trey,Waltke,R,1955-03-16,USA
100374,Javier,Soler,L,1955-03-25,ESP
100375,John,Hayes,R,1955-04-07,USA
100376,Buster C,Mottram,R,1955-04-25,GBR
100377,Colin,Dowdeswell,R,1955-05-12,GBR
100378,David,Schneider,R,1955-05-17,USA
100380,Butch,Walts,R,1955-06-04,USA
100383,Peter,Mcnamara,R,1955-07-05,AUS
100390,Trevor,Allan,L,1955-08-17,AUS
100392,Richard,Meyer,R,1955-09-04,USA
100393,Marcos,Hocevar,R,1955-09-26,BRA
100394,Angel,Gimenez,R,1955-10-10,ESP
100395,Victor,Pecci,R,1955-10-15,PAR
100398,Julio,Goes,R,1955-10-25,BRA
100402,Francisco,Gonzalez,R,1955-11-19,PAR
100403,Rolf,Gehring,R,1955-11-25,GER
100406,Greg,Halder,R,1955-12-05,CAN
100411,Pavel,Slozil,R,1955-12-29,CZE
100415,Michael,Grant,R,1956-02-03,USA
100417,Hans,Gildemeister,R,1956-02-09,CHI
100422,Bruce,Manson,L,1956-03-20,USA
100428,Gene,Mayer,R,1956-04-11,USA
100434,Tomas,Smid,R,1956-05-20,CZE
100436,Nick,Saviano,L,1956-06-05,USA
100437,Bjorn,Borg,R,1956-06-06,SWE
100438,Carlos,Gattiker,R,1956-06-06,ARG
100440,Eddie,Edwards,R,1956-07-03,RSA
100443,Christophe,Freyss,L,1956-08-30,FRA
100444,Werner,Zirngibl,R,1956-09-04,GER
100445,Steve,Denton,R,1956-09-05,USA
100446,John,Sadri,R,1956-09-19,USA
100449,Stanislav,Birner,R,1956-10-11,CZE
100452,Bill,Scanlon,R,1956-11-13,USA
100453,Jose Luis,Damiani,R,1956-11-21,URU
100456,Ferdi,Taygan,R,1956-12-05,USA
100460,Jose,Lopez Maeso,R,1956-12-24,ESP
100461,Billy,Martin,R,1956-12-25,USA
100468,Dominique,Bedel,R,1957-02-20,FRA
100474,Chris,Lewis Nzl,R,1957-03-09,NZL
100475,Matt,Mitchell,R,1957-03-16,USA
100477,Gianni,Ocleppo,R,1957-04-06,ITA
100486,Christophe Roger,Vasselin,R,1957-07-08,FRA
100489,Larry,Stefanki,R,1957-07-23,USA
100490,Jaroslav,Navratil,R,1957-07-24,CZE
100492,John,Austin,R,1957-07-31,USA
100502,Vincent,Van Patten,R,1957-10-17,USA
100515,Shlomo,Glickstein,R,1958-01-06,ISR
100517,Matt,Doyle,R,1958-01-13,USA
100518,Ricardo,Acuna,R,1958-01-13,CHI
100523,Erick,Iskersky,R,1958-01-25,USA
100526,Ricardo,Ycaza,R,1958-02-16,ECU
100529,Kevin,Curren,R,1958-03-02,USA
100530,Andreas,Maurer,R,1958-03-08,GER
100532,Johan,Kriek,R,1958-04-05,USA
100534,Steve,Meister,R,1958-04-21,USA
100535,Tony,Giammalva,R,1958-04-21,USA
100536,Fernando,Luna,R,1958-04-24,ESP
100540,Drew,Gitlin,R,1958-05-26,USA
100543,Peter,Elter,R,1958-06-10,GER
100545,Deon,Joubert,L,1958-06-19,RSA
100546,Eric,Fromm,R,1958-06-27,USA
100548,Ivan,Kley,R,1958-06-29,BRA
100551,Brad,Drewett,L,1958-07-19,AUS
100553,Nduka,Odizor,R,1958-08-09,NGR
100555,Jose Luis,Clerc,R,1958-08-16,ARG
100565,Lloyd,Bourne,R,1958-10-18,USA
100567,Chip,Hooper,R,1958-10-24,USA
100570,Marty,Davis,R,1958-11-15,USA
100574,Peter,Rennert,L,1958-12-26,USA
100579,Heinz,Gunthardt,R,1959-02-08,SUI
100581,John,Mcenroe,L,1959-02-16,USA
100585,Van,Winitsky,L,1959-03-12,USA
100586,Eliot,Teltscher,R,1959-03-15,USA
100592,Robert,Vant Hof,R,1959-04-10,USA
100597,Jay,Lapidus,L,1959-05-01,USA
100598,Wolfgang,Popp,R,1959-05-19,GER
100599,Bernard,Boileau,R,1959-05-25,BEL
100600,Pascal,Portes,R,1959-05-28,FRA
100603,Roland,Stadler,U,1959-06-14,SUI
100606,Mike,Bauer,R,1959-06-29,USA
100607,Eduardo,Bengoechea,R,1959-07-02,ARG
100609,Zoltan,Kuharszky,R,1959-07-08,HUN
100611,Mel,Purcell,R,1959-07-18,USA
100617,Bud,Schultz,R,1959-08-21,USA
100618,Leif,Shiras,R,1959-08-21,USA
100624,Derek,Tarr,L,1959-09-15,USA
100628,Michiel,Schapers,R,1959-10-11,NED
100630,Gustavo,Guerrero,L,1959-10-22,ARG
100631,Tim,Wilkison,L,1959-11-23,USA
100635,Mark,Dickson,R,1959-12-08,USA
100639,Blaine,Willenborg,R,1960-01-04,USA
100640,Stefan,Simonsson,R,1960-01-05,SWE
100644,Alexander,Zverev,R,1997-04-20,GER
100645,Huub,Van Boeckel,R,1960-01-25,NED
100646,Claudio,Panatta,R,1960-02-02,ITA
100649,David,Dowlen,R,1960-02-03,USA
100651,Alejandro,Ganzabal,R,1960-02-16,ARG
100652,Cassio,Motta,R,1960-02-22,BRA
100653,Andres,Gomez,L,1960-02-27,ECU
100655,Fritz,Buehning,R,1960-03-05,USA
100656,Ivan,Lendl,R,1960-03-07,USA
100657,Mike,Leach,L,1960-03-09,USA
100660,Bob,Green,R,1960-03-25,USA
100661,Damir,Keretic,R,1960-03-26,GER
100663,Marcel,Freeman,R,1960-03-30,USA
100667,Per,Hjertquist,R,1960-04-06,SWE
100676,Yannick,Noah,R,1960-05-18,FRA
100689,Tim,Mayotte,R,1960-08-03,USA
100701,Marko,Ostoja,R,1960-10-20,CRO
100711,Pedro,Rebolledo,R,1960-12-17,CHI
100713,John,Fitzgerald,R,1960-12-28,AUS
100714,Broderick,Dyke,L,1960-12-31,AUS
100719,Juan,Avendano,R,1961-01-29,ESP
100727,Raul Antonio,Viver,L,1961-03-17,ECU
100728,Todd,Nelson,R,1961-03-18,USA
100730,Florin,Segarceanu,R,1961-03-29,ROU
100740,Dan,Cassidy,R,1961-04-29,USA
100742,Christo,Steyn,R,1961-05-01,RSA
100744,Peter,Doohan,R,1961-05-02,AUS
100747,Glenn,Layendecker,L,1961-05-09,USA
100752,Ramesh,Krishnan,R,1961-06-05,IND
100757,Anders,Jarryd,R,1961-07-13,SWE
100759,Danie,Visser,L,1961-07-26,RSA
100763,Brad,Gilbert,R,1961-08-09,USA
100765,Rodney,Harmon,R,1961-08-16,USA
100769,Mario,Martinez,R,1961-09-12,BOL
100772,Kelly,Evernden,R,1961-09-21,NZL
100780,Mike,De Palmer,L,1961-10-17,USA
100782,Pablo,Arraya,R,1961-10-21,PER
100797,Ben,Testerman,L,1962-02-02,USA
100800,Diego,Perez,R,1962-02-09,URU
100809,Juan,Aguilera,R,1962-03-22,ESP
100810,Paul,Chamberlin,R,1962-03-26,USA
100815,David,Pate,R,1962-04-16,USA
100821,Hans,Simonsson,R,1962-05-01,SWE
100829,Jan,Gunnarsson,R,1962-05-30,SWE
100830,Gary,Donnelly,R,1962-06-03,USA
100833,Marc,Flur,R,1962-06-08,USA
100836,Glenn,Michibata,R,1962-06-13,CAN
100837,Jeremy,Bates,R,1962-06-19,GBR
100844,Jerome,Potier,L,1962-07-18,FRA
100848,Alberto,Tous,R,1962-08-03,ESP
100855,Scott,Davis,R,1962-08-27,USA
100857,Sergio,Casal,R,1962-09-08,ESP
100864,Martin,Wostenholme,R,1962-10-11,CAN
100865,Marcelo,Ingaramo,L,1962-10-13,ARG
100866,Shahar,Perkiss,R,1962-10-14,ISR
100870,Christo,Van Rensburg,R,1962-10-23,RSA
100884,Steve,Shaw,R,1963-01-01,GBR
100887,Eric,Korita,R,1963-01-13,USA
100893,Joakim,Nystrom,R,1963-02-20,SWE
100894,Francesco,Cancellotti,R,1963-02-27,ITA
100900,Josef,Cihak,R,1963-03-19,CZE
100901,Paul,Annacone,R,1963-03-20,USA
100905,Sammy,Giammalva Jr,R,1963-03-24,USA
100908,Tobias,Svantesson,R,1963-04-01,SWE
100920,Robert,Seguso,R,1963-05-01,USA
100922,Roberto,Arguello,U,1963-05-12,ARG
100923,Wally,Masur,R,1963-05-13,AUS
100924,Jorge,Lozano,R,1963-05-17,MEX
100926,Ken,Flach,R,1963-05-24,USA
100928,Barry,Moir,R,1963-06-01,RSA
100930,Paul,Vojtischek,R,1963-06-13,GER
100934,Matt,Anger,R,1963-06-20,USA
100936,Henri,Leconte,L,1963-07-04,FRA
100939,Joey,Rive,L,1963-07-08,USA
100942,Thierry,Tulasne,R,1963-07-12,FRA
100944,Mikael,Pernfors,R,1963-07-16,SWE
100946,Slobodan,Zivojinovic,R,1963-07-23,YUG
100950,Libor,Pimek,R,1963-08-03,BEL
100954,Luiz,Mattar,R,1963-08-18,BRA
100955,Yahiya,Doumbia,R,1963-08-25,SEN
100956,Simone,Colombo,R,1963-08-28,ITA
100957,Greg,Holmes,R,1963-08-29,USA
100962,Thomas,Hogstedt,R,1963-09-21,SWE
100967,Dan,Goldie,R,1963-10-03,USA
100970,Stefan,Eriksson,R,1963-10-17,SWE
100972,Todd,Witsken,R,1963-11-04,USA
100978,Andrew,Castle,R,1963-11-15,GBR
100990,Milan,Srejber,R,1963-12-30,CZE
100995,Eduardo,Masso,L,1964-01-11,BEL
100997,Roger,Smith,R,1964-01-20,BAH
101000,Carl,Limberger,R,1964-01-24,AUS
101004,Jim,Pugh,R,1964-02-05,USA
101012,Massimiliano,Narducci,R,1964-02-25,ITA
101013,Henrik,Sundstrom,R,1964-02-29,SWE
101014,John,Ross,R,1964-02-29,USA
101016,Marcos Aurelio,Gorriz,L,1964-03-04,ESP
101020,Hans,Schwaier,R,1964-03-24,GER
101022,Kelly,Jones,R,1964-03-31,USA
101026,Jim,Grabb,R,1964-04-14,USA
101029,Ricki,Osterthun,R,1964-05-02,GER
101030,Goran,Prpic,R,1964-05-04,CRO
101035,Menno,Oosting,R,1964-05-17,NED
101036,Miloslav,Mecir,R,1964-05-19,SVK
101048,Francisco,Maciel,R,1964-07-01,MEX
101050,Martin,Laurendeau,R,1964-07-10,CAN
101058,Francisco,Yunis,R,1964-08-12,ARG
101061,Jimmy,Arias,R,1964-08-16,USA
101062,Mats,Wilander,R,1964-08-22,SWE
101063,Jordi,Arrese,R,1964-08-29,ESP
101066,Richard,Matuszewski,R,1964-09-07,USA
101071,Tom,Nijssen,R,1964-10-01,NED
101073,Martin,Jaite,R,1964-10-09,ARG
101074,Carlos,Di Laura,L,1964-10-19,PER
101080,Lawson,Duncan,R,1964-10-26,USA
101084,Jakob,Hlasek,R,1964-11-12,SUI
101086,Ronald,Agenor,R,1964-11-13,USA
101096,Gary,Muller,L,1964-12-27,RSA
101098,Guy,Forget,L,1965-01-04,FRA
101106,Peter,Lundgren,R,1965-01-29,SWE
101109,Tarik,Benhabiles,R,1965-02-05,FRA
101110,David,De Miguel,R,1965-02-07,ESP
101113,Michael,Westphal,R,1965-02-19,GER
101117,Eric,Jelen,R,1965-03-11,GER
101119,Marian,Vajda,R,1965-03-24,SVK
101120,Karel,Novacek,R,1965-03-30,CZE
101123,Alexander,Mronz,R,1965-04-07,GER
101124,Paolo,Cane,R,1965-04-09,ITA
101126,Chris,Pridham,R,1965-04-11,CAN
101131,Jimmy,Brown,R,1965-04-28,USA
101133,Patrick,Baur,R,1965-05-03,GER
101138,Pat,Cash,R,1965-05-27,AUS
101142,Emilio,Sanchez,R,1965-05-29,ESP
101143,Branislav,Stankovic,R,1965-05-30,SVK
101145,Jonathan,Canter,R,1965-06-04,USA
101147,Claudio,Mezzadri,R,1965-06-10,SUI
101150,Gianluca,Pozzi,L,1965-06-17,ITA
101154,Simon,Youl,R,1965-07-01,AUS
101158,John,Frawley,R,1965-07-04,AUS
101174,Fernando,Roese,R,1965-08-24,BRA
101178,Pieter,Aldrich,R,1965-09-07,RSA
101179,Jean Philippe,Fleurian,R,1965-09-11,FRA
101185,Mark,Woodforde,L,1965-09-23,AUS
101190,Darren,Cahill,R,1965-10-02,AUS
101191,Richey,Reneberg,R,1965-10-05,USA
101195,Amos,Mansdorf,R,1965-10-20,ISR
101196,Derrick,Rostagno,R,1965-10-25,USA
101201,Danny,Granot,R,1965-11-11,USA
101205,Grant,Connell,L,1965-11-17,CAN
101214,Bryan,Shelton,R,1965-12-22,USA
101216,Olli,Rahnasto,R,1965-12-28,FIN
101222,Stefan,Edberg,R,1966-01-19,SWE
101226,Johan,Carlsson,R,1966-01-29,SWE
101230,Andrei,Chesnokov,R,1966-02-02,RUS
101232,Nicklas,Kroon,R,1966-02-05,SWE
101233,Alex,Antonitsch,R,1966-02-08,AUT
101234,Patrik,Kuhnen,R,1966-02-11,GER
101235,Paul,Haarhuis,R,1966-02-19,NED
101237,Danilo,Marcelino,R,1966-03-08,BRA
101238,Andres,Vysand,R,1966-03-10,GER
101242,Brad,Pearce,R,1966-03-21,USA
101243,Roberto,Azar,L,1966-03-21,ARG
101249,Andrei,Olhovskiy,R,1966-04-15,RUS
101251,Eric,Winogradsky,R,1966-04-22,FRA
101256,Mark,Kratzmann,L,1966-05-17,AUS
101265,Patrick,Mcenroe,R,1966-07-01,USA
101274,Udo,Riglewski,R,1966-07-28,GER
101276,Horacio,De La Pena,L,1966-08-01,ARG
101284,Lars Anders,Wahlgren,R,1966-08-24,SWE
101285,Thierry,Champion,R,1966-08-31,FRA
101298,Jonas,Svensson,R,1966-10-21,SWE
101308,Neil,Broad,R,1966-11-20,GBR
101309,Jay,Berger,R,1966-11-26,USA
101312,Robbie,Weiss,R,1966-12-01,USA
101318,Javier,Frana,L,1966-12-25,ARG
101320,Magnus,Gustafsson,R,1967-01-03,SWE
101324,Ulf,Stenlund,R,1967-01-21,SWE
101332,Gilad,Bloom,L,1967-03-01,ISR
101334,Alexander,Volkov,L,1967-03-03,RUS
101337,Martin,Strelba,R,1967-03-22,CZE
101344,Bruno,Oresar,R,1967-04-21,CRO
101354,Andrew,Sznajder,R,1967-05-25,CAN
101358,Olivier,Delaitre,R,1967-06-01,FRA
101362,Stephane,Simian,L,1967-06-08,FRA
101365,Paul,Wekesa,R,1967-07-02,KEN
101368,Christian,Miniussi,R,1967-07-05,ARG
101373,Karsten,Braasch,L,1967-07-14,GER
101374,Leonardo,Lavalle,L,1967-07-14,MEX
101377,Christian,Bergstrom,R,1967-07-19,SWE
101378,Tore,Meinecke,R,1967-07-21,GER
101381,Aaron,Krickstein,R,1967-08-02,USA
101382,Marcelo,Filippini,R,1967-08-04,URU
101387,Claudio,Pistolesi,R,1967-08-25,ITA
101391,Carl Uwe,Steeb,L,1967-09-01,GER
101393,Jens,Woehrmann,R,1967-09-08,GER
101404,Thomas,Muster,L,1967-10-02,AUT
101409,Jaime,Yzaga,R,1967-10-23,PER
101412,Shuzo,Matsuoka,R,1967-11-06,JPN
101414,Boris,Becker,R,1967-11-22,GER
101421,Veli,Paloheimo,R,1967-12-13,FIN
101426,Kent,Carlsson,R,1968-01-03,SWE
101432,Dimitri,Poliakov,R,1968-01-19,UKR
101434,Petr,Korda,L,1968-01-23,CZE
101439,Javier,Sanchez,R,1968-02-01,ESP
101440,Mark,Koevermans,R,1968-02-03,NED
101441,Martin,Sinner,R,1968-02-07,GER
101459,Tomas,Nydahl,R,1968-03-21,SWE
101460,Jose Francisco,Altur,L,1968-03-24,ESP
101462,Francisco,Roig,R,1968-04-01,ESP
101463,Bernd,Karbacher,R,1968-04-03,GER
101469,Brian,Garrow,R,1968-04-08,USA
101475,Carlos,Costa,R,1968-04-22,ESP
101481,Omar,Camporese,R,1968-05-08,ITA
101482,Markus,Zoecke,R,1968-05-10,GER
101500,Christian,Saceanu,R,1968-07-08,GER
101507,Tomas,Carbonell,R,1968-08-07,ESP
101510,Henrik,Holm,R,1968-08-22,SWE
101511,Horst,Skoff,R,1968-08-22,AUT
101529,Michael,Stich,R,1968-10-18,GER
101532,Francisco,Clavet,L,1968-10-24,ESP
101543,Jeff,Tarango,L,1968-11-20,USA
101549,Rodolphe,Gilbert,L,1968-12-12,FRA
101582,Gilbert,Schaller,R,1969-03-17,AUT
101589,Arnaud,Boetsch,R,1969-04-01,FRA
101601,Brett,Steven,R,1969-04-27,NZL
101606,Alberto,Mancini,R,1969-05-20,ARG
101609,David,Wheaton,R,1969-06-02,USA
101611,Cedric,Pioline,R,1969-06-15,FRA
101613,Malivai,Washington,R,1969-06-20,USA
101642,Bart,Wuyts,R,1969-09-15,BEL
101647,Byron,Black,R,1969-10-06,ZIM
101649,Guillermo,Perez Roldan,R,1969-10-20,ARG
101659,Jan,Apell,L,1969-11-04,SWE
101660,Francisco,Montana,R,1969-11-05,USA
101675,Martin,Rodriguez,R,1969-12-18,ARG
101685,Markus,Naewie,R,1970-01-07,GER
101686,Franco,Davin,L,1970-01-11,ARG
101703,Guillaume,Raoux,R,1970-02-14,FRA
101711,Alex,Obrien,R,1970-03-07,USA
101717,Diego,Nargiso,L,1970-03-15,ITA
101719,Frederic,Fontang,R,1970-03-18,FRA
101723,Magnus,Larsson,R,1970-03-25,SWE
101725,Gabriel,Markus,R,1970-03-31,ARG
101727,Jason,Stoltenberg,R,1970-04-04,AUS
101731,Nuno,Marques,L,1970-04-09,POR
101733,Jan,Siemerink,L,1970-04-14,NED
101735,Richard,Fromberg,R,1970-04-28,AUS
101736,Andre,Agassi,R,1970-04-29,USA
101746,Renzo,Furlan,R,1970-05-17,ITA
101750,Cristiano,Caratti,R,1970-05-24,ITA
101761,Jaime,Oncins,R,1970-06-16,BRA
101767,Lars,Jonsson,R,1970-06-27,SWE
101772,Andrei,Cherkasov,R,1970-07-04,RUS
101774,Todd,Martin,R,1970-07-08,USA
101775,Frederik,Fetterlein,R,1970-07-11,DEN
101776,Sandon,Stolle,R,1970-07-13,AUS
101783,Mark,Petchey,R,1970-08-01,GBR
101789,Steve,Bryan,R,1970-08-10,USA
101792,Slava,Dosedel,R,1970-08-14,CZE
101793,Jim,Courier,R,1970-08-17,USA
101797,Jacco,Eltingh,R,1970-08-29,NED
101806,Marc Kevin,Goellner,R,1970-09-22,GER
101809,Nicolas,Pereira,R,1970-09-29,VEN
101816,Steve,Campbell,R,1970-10-22,USA
101820,Marc,Rosset,R,1970-11-07,SUI
101826,Alex,Lopez Moron,R,1970-11-28,ESP
101833,Michael,Tebbutt,L,1970-12-22,AUS
101835,Arne,Thoms,R,1971-01-01,GER
101843,Sergi,Bruguera,R,1971-01-16,ESP
101862,Maurice,Ruah,R,1971-02-19,VEN
101866,David,Rikl,L,1971-02-27,CZE
101868,Dick,Norman,L,1971-03-01,BEL
101885,Wayne,Arthurs,L,1971-03-18,AUS
101888,Daniel,Vacek,R,1971-04-01,CZE
101889,Todd,Woodbridge,R,1971-04-02,AUS
101890,Jonathan,Stark,R,1971-04-03,USA
101897,Fernando,Meligeni,L,1971-04-12,BRA
101900,Nicklas,Kulti,R,1971-04-22,SWE
101901,Chuck,Adams,R,1971-04-23,USA
101902,Stephane,Huet,L,1971-04-25,FRA
101914,Lars,Koslowski,R,1971-05-22,GER
101917,Grant,Stafford,R,1971-05-27,RSA
101920,Jamie,Morgan,R,1971-06-08,AUS
101924,Stefano,Pescosolido,R,1971-06-13,ITA
101932,Jared,Palmer,R,1971-07-02,USA
101947,Vincenzo,Santopadre,L,1971-08-11,ITA
101948,Pete,Sampras,R,1971-08-12,USA
101955,Luis,Herrera,L,1971-08-27,MEX
101956,Mark,Knowles,R,1971-09-04,BAH
101962,Younes,El Aynaoui,R,1971-09-12,MAR
101964,Goran,Ivanisevic,L,1971-09-13,CRO
101965,Wayne,Ferreira,R,1971-09-15,RSA
101969,Orlin,Stanoytchev,R,1971-09-24,BUL
101971,Johan,Anderson,R,1971-09-29,AUS
101990,Richard,Krajicek,R,1971-12-06,NED
101991,Mauricio,Hadad,R,1971-12-07,COL
101997,Marzio,Martelli,R,1971-12-14,ITA
102000,Aki,Rahunen,R,1971-12-24,FIN
102001,German,Lopez,R,1971-12-29,ESP
102021,Michael,Chang,R,1972-02-22,USA
102024,Hernan,Gumy,R,1972-03-05,ARG
102025,Mikael,Tillstrom,R,1972-03-05,SWE
102029,Filip,Dewulf,R,1972-03-15,BEL
102031,Sandor,Noszaly,R,1972-03-16,HUN
102035,Jonas,Bjorkman,R,1972-03-23,SWE
102088,Joern,Renzenbrink,R,1972-07-17,GER
102093,Martin,Damm,R,1972-08-01,CZE
102104,Christian,Ruud,R,1972-08-24,NOR
102106,Davide,Sanguinetti,R,1972-08-25,ITA
102110,Daniel,Nestor,L,1972-09-04,CAN
102118,Radomir,Vasek,R,1972-09-23,CZE
102133,Laurence,Tieleman,R,1972-11-14,ITA
102135,Emilio,Benfele Alvarez,R,1972-11-15,ESP
102146,Jordi,Burillo,R,1972-12-07,ESP
102148,Fabrice,Santoro,R,1972-12-09,FRA
102153,German,Puentes,R,1972-12-18,ESP
102154,Marcos,Ondruska,R,1972-12-18,RSA
102158,Patrick,Rafter,R,1972-12-28,AUS
102162,Chris,Woodruff,R,1973-01-02,USA
102167,Juan Albert,Viloca Puig,R,1973-01-17,ESP
102169,Michael,Joyce,R,1973-02-01,USA
102179,Antony,Dupuis,R,1973-02-24,FRA
102184,David,Prinosil,R,1973-03-09,GER
102201,Lionel,Roux,R,1973-04-12,FRA
102202,Kenneth,Carlsen,L,1973-04-17,DEN
102205,Sebastien,Lareau,R,1973-04-27,CAN
102220,Patrik,Fredriksson,R,1973-05-16,SWE
102223,Karim,Alami,R,1973-05-24,MAR
102227,Sargis,Sargsian,R,1973-06-03,ARM
102231,Alex,Calatrava,R,1973-06-14,ESP
102233,Leander,Paes,R,1973-06-17,IND
102234,Oliver,Gross,R,1973-06-17,GER
102235,Tommy,Ho,L,1973-06-17,USA
102238,Alberto,Berasategui,R,1973-06-28,ESP
102247,Andrea,Gaudenzi,R,1973-07-30,ITA
102257,Greg,Rusedski,L,1973-09-06,GBR
102259,Jerome,Golmard,L,1973-09-09,FRA
102269,Jeff,Salzenstein,L,1973-10-14,USA
102271,Hicham,Arazi,L,1973-10-19,MAR
102286,Wayne,Black,R,1973-11-14,ZIM
102287,Albert,Portas,R,1973-11-15,ESP
102306,Michael,Kohlmann,R,1974-01-11,GER
102312,Jairo,Velasco Jr,R,1974-01-21,ESP
102318,Andrei,Pavel,R,1974-01-27,ROU
102338,Yevgeny,Kafelnikov,R,1974-02-18,RUS
102339,Kris,Goossens,R,1974-02-20,BEL
102344,Karol,Kucera,R,1974-03-04,SVK
102351,Oscar,Martinez,R,1974-03-09,ESP
102358,Thomas,Enqvist,R,1974-03-13,SWE
102369,Julien,Boutter,R,1974-04-05,FRA
102374,Alex,Corretja,R,1974-04-11,ESP
102375,Dinu,Pescariu,R,1974-04-12,ROU
102381,Werner,Eschauer,R,1974-04-26,AUT
102382,Julian,Knowle,L,1974-04-29,AUT
102394,Johan,Van Herck,R,1974-05-24,BEL
102401,Scott,Draper,L,1974-06-05,AUS
102434,Vincent,Spadea,R,1974-07-19,USA
102437,Adrian,Voinea,R,1974-08-06,ROU
102446,Andrei,Medvedev,R,1974-08-31,UKR
102450,Tim,Henman,R,1974-09-06,GBR
102456,Felix,Mantilla,R,1974-09-23,ESP
102463,Lucas Arnold,Ker,R,1974-10-12,ARG
102466,Jan,Kroslak,R,1974-10-17,SVK
102472,Marcello,Craca,R,1974-10-27,GER
102491,Alex,Radulescu,R,1974-12-07,GER
102494,Tomas,Behrend,R,1974-12-12,GER
102521,Hendrik,Dreekmann,R,1975-01-29,GER
102524,Neville,Godwin,R,1975-01-31,RSA
102533,Jens,Knippschild,R,1975-02-15,GER
102539,Bohdan,Ulihrach,R,1975-02-23,CZE
102548,Juan Antonio,Marin,R,1975-03-02,CRC
102562,Jiri,Novak,R,1975-03-22,CZE
102563,Thomas,Johansson,R,1975-03-24,SWE
102565,Alexander,Waske,R,1975-03-31,GER
102567,George,Bastl,R,1975-04-01,SUI
102571,Gregory,Carraz,R,1975-04-09,FRA
102588,Lars,Rehmann,R,1975-05-21,GER
102607,Juan,Balcells,R,1975-06-20,ESP
102610,Albert,Costa,R,1975-06-25,ESP
102615,Dennis,Van Scheppingen,R,1975-07-05,NED
102642,Cyril,Saulnier,R,1975-08-16,FRA
102644,Franco,Squillari,L,1975-08-22,ARG
102650,Roberto,Carretero,R,1975-08-30,ESP
102694,Lars,Burgsmuller,R,1975-12-06,GER
102701,Marcelo,Rios,L,1975-12-26,CHI
102703,Hyung Taik,Lee,R,1976-01-03,KOR
102720,Tomas,Zib,R,1976-01-31,CZE
102722,Attila,Savolt,R,1976-02-05,HUN
102765,Nicolas,Escude,R,1976-04-03,FRA
102770,John,Van Lottum,R,1976-04-10,NED
102776,Andrew,Ilie,R,1976-04-18,AUS
102783,Rainer,Schuettler,R,1976-04-25,GER
102788,Jan,Vacek,R,1976-05-10,CZE
102796,Magnus,Norman,R,1976-05-30,SWE
102809,Axel,Pretzsch,R,1976-06-16,GER
102817,Edwin,Kempes,R,1976-06-23,NED
102821,Cecil,Mamiit,R,1976-06-27,PHI
102831,Jacobo,Diaz,R,1976-07-11,ESP
102834,Paul,Goldstein,R,1976-08-04,USA
102839,Nicolas,Lapentti,R,1976-08-13,ECU
102845,Carlos,Moya,R,1976-08-27,ESP
102854,Sjeng,Schalken,R,1976-09-08,NED
102856,Gustavo,Kuerten,R,1976-09-10,BRA
102860,Agustin,Calleri,R,1976-09-14,ARG
102869,Galo,Blanco,R,1976-10-08,ESP
102880,Alexander,Popp,R,1976-11-04,GER
102882,Mark,Philippoussis,R,1976-11-07,AUS
102887,Ramon,Delgado,R,1976-11-14,PAR
102905,Stefan,Koubek,L,1977-01-02,AUT
102911,Andrei,Stoliarov,R,1977-01-09,RUS
102925,Justin,Gimelstob,R,1977-01-26,USA
102934,Nicolas,Coutelot,R,1977-02-09,FRA
102950,Fernando,Vicente,R,1977-03-08,ESP
102967,Marc,Gicquel,R,1977-03-30,FRA
102987,Andre,Sa,R,1977-05-06,BRA
102998,Jan Michael,Gambill,R,1977-06-03,USA
102999,Stefano,Galvani,R,1977-06-03,ITA
103009,Razvan,Sabau,R,1977-06-18,ROU
103017,Nicolas,Kiefer,R,1977-07-05,GER
103018,Max,Mirnyi,R,1977-07-06,BLR
103031,Julian,Alonso,R,1977-08-02,ESP
103035,Alessio,Di Mauro,L,1977-08-09,ITA
103082,Markus,Hantschk,R,1977-11-19,GER
103084,Guillermo,Canas,R,1977-11-25,ARG
103096,Arnaud,Clement,R,1977-12-17,FRA
103103,Dominik,Hrbaty,R,1978-01-04,SVK
103105,Ruben,Ramirez Hidalgo,R,1978-01-06,ESP
103110,Daniele,Bracciali,R,1978-01-10,ITA
103114,Martin,Lee,L,1978-01-13,GBR
103133,Olivier,Mutis,R,1978-02-02,FRA
103151,Mariano,Zabaleta,R,1978-02-28,ARG
103153,Gilles,Elseneer,R,1978-03-06,BEL
103163,Tommy,Haas,R,1978-04-03,GER
103166,Vladimir,Voltchkov,R,1978-04-07,BLR
103169,Oscar,Hernandez,R,1978-04-10,ESP
103171,Raemon,Sluiter,R,1978-04-13,NED
103174,Noam,Okun,R,1978-04-16,ISR
103176,David,Sanchez,R,1978-04-20,ESP
103181,Jiri,Vanek,R,1978-04-24,CZE
103182,Markus,Hipfl,R,1978-04-26,AUT
103188,Michael,Russell,R,1978-05-01,USA
103193,Peter,Wessels,R,1978-05-07,NED
103204,Hugo,Armando,R,1978-05-27,USA
103206,Sebastien,Grosjean,R,1978-05-29,FRA
103228,Marcos,Daniel,R,1978-07-04,BRA
103240,Kevin,Kim,R,1978-07-26,USA
103248,Harel,Levy,R,1978-08-05,ISR
103252,Alberto,Martin,R,1978-08-20,ESP
103264,Mariano,Puerta,L,1978-09-19,ARG
103280,Martin,Verkerk,R,1978-10-31,NED
103285,Radek,Stepanek,R,1978-11-27,CZE
103292,Gaston,Gaudio,R,1978-12-09,ARG
103294,Christophe,Rochus,R,1978-12-15,BEL
103305,Daniel,Elsner,R,1979-01-04,GER
103318,Zeljko,Krajan,R,1979-02-03,CRO
103319,Jeff,Morrison,R,1979-02-04,USA
103324,Arnaud,Di Pasquale,R,1979-02-11,FRA
103325,Wesley,Moodie,R,1979-02-14,RSA
103333,Ivo,Karlovic,R,1979-02-28,CRO
103344,Ivan,Ljubicic,R,1979-03-19,CRO
103356,Michel,Kratochvil,R,1979-04-07,SUI
103369,Melle,Van Gemerden,R,1979-05-09,NED
103373,Sergio,Roitman,R,1979-05-16,ARG
103387,Paradorn,Srichaphan,R,1979-06-14,THA
103397,Alexandre,Simoni,R,1979-07-02,BRA
103401,Jan,Hernych,R,1979-07-07,CZE
103408,Brian,Vahaly,R,1979-07-19,USA
103420,Michal,Tabara,R,1979-08-11,CZE
103428,Juan Ignacio,Chela,R,1979-08-30,ARG
103429,Peter,Luczak,R,1979-08-31,AUS
103444,Jean Rene,Lisnard,R,1979-09-25,MON
103451,Bjorn,Phau,R,1979-10-04,GER
103454,Nicolas,Massu,R,1979-10-10,CHI
103470,Robert,Kendrick,R,1979-11-15,USA
103484,James,Blake,R,1979-12-28,USA
103487,Federico,Luzzi,R,1980-01-03,ITA
103490,Santiago,Ventura,R,1980-01-05,ESP
103498,Marat,Safin,R,1980-01-27,RUS
103503,Robin,Vik,R,1980-02-05,CZE
103506,Martin,Vassallo Arguello,R,1980-02-10,ARG
103507,Juan Carlos,Ferrero,R,1980-02-12,ESP
103534,Nicolas,Devilder,L,1980-03-25,FRA
103535,Olivier,Patience,R,1980-03-25,FRA
103565,Stephane,Robert,R,1980-05-17,FRA
103566,Michael,Llodra,L,1980-05-18,FRA
103580,Alexander,Peya,R,1980-06-27,AUT
103581,Flavio,Saretta,R,1980-06-28,BRA
103582,Michael,Berrer,L,1980-07-01,GER
103592,Jerome,Haehnel,R,1980-07-14,FRA
103594,Oliver,Marach,R,1980-07-16,AUT
103598,Xavier,Malisse,R,1980-07-19,BEL
103602,Fernando,Gonzalez,R,1980-07-29,CHI
103607,Victor,Estrella,R,1980-08-02,DOM
103632,Luis,Horna,R,1980-09-14,PER
103656,Albert,Montanes,R,1980-11-26,ESP
103672,Ricardo,Mello,L,1980-12-21,BRA
103675,Diego,Junqueira,L,1980-12-28,ARG
103693,Thierry,Ascione,R,1981-01-17,FRA
103694,Olivier,Rochus,R,1981-01-18,BEL
103700,Juan Pablo,Guzman,L,1981-01-29,ARG
103701,Diego,Hartfield,R,1981-01-31,ARG
103709,Kristian,Pless,R,1981-02-09,DEN
103714,Andreas,Vinciguerra,L,1981-02-19,SWE
103720,Lleyton,Hewitt,R,1981-02-24,AUS
103722,Florent,Serra,R,1981-02-28,FRA
103737,Edgardo,Massa,R,1981-03-22,ARG
103752,Simon,Greul,R,1981-04-13,GER
103758,Taylor,Dent,R,1981-04-24,USA
103781,Jurgen,Melzer,L,1981-05-22,AUT
103786,Nikolay,Davydenko,R,1981-06-02,RUS
103789,Irakli,Labadze,L,1981-06-09,GEO
103794,Benjamin,Becker,R,1981-06-16,GER
103799,Eric,Prodon,R,1981-06-27,FRA
103808,Potito,Starace,R,1981-07-14,ITA
103812,Victor,Hanescu,R,1981-07-21,ROU
103813,Jarkko,Nieminen,L,1981-07-23,FIN
103819,Roger,Federer,R,1981-08-08,SUI
103821,Danai,Udomchoke,R,1981-08-11,THA
103823,Denis,Gremelmayr,L,1981-08-16,GER
103835,Filippo,Volandri,R,1981-09-05,ITA
103843,Marco,Chiudinelli,R,1981-09-10,SUI
103852,Feliciano,Lopez,L,1981-09-20,ESP
103857,Igor,Kunitsyn,R,1981-09-30,RUS
103868,Ivan,Navarro,R,1981-10-19,ESP
103888,Mardy,Fish,R,1981-12-09,USA
103893,Paolo,Lorenzi,R,1981-12-15,ITA
103898,Julien,Benneteau,R,1981-12-20,FRA
103900,David,Nalbandian,R,1982-01-01,ARG
103908,Paul Henri,Mathieu,R,1982-01-12,FRA
103909,Guillermo,Coria,R,1982-01-13,ARG
103917,Nicolas,Mahut,R,1982-01-21,FRA
103926,Daniel,Munoz De La Nava,L,1982-01-29,ESP
103970,David,Ferrer,R,1982-04-02,ESP
103971,Karol,Beck,R,1982-04-03,SVK
103976,Juan Pablo,Brzezicki,R,1982-04-12,ARG
103990,Tommy,Robredo,R,1982-05-01,ESP
103997,Lukasz,Kubot,R,1982-05-16,POL
103999,Thiago,Alves,R,1982-05-22,BRA
104003,Victor,Crivoi,R,1982-05-25,ROU
104019,Kristof,Vliegen,R,1982-06-22,BEL
104022,Mikhail,Youzhny,R,1982-06-25,RUS
104025,Amer,Delic,R,1982-06-30,BIH
104026,Joachim,Johansson,R,1982-07-01,SWE
104035,Bobby,Reynolds,R,1982-07-17,USA
104053,Andy,Roddick,R,1982-08-30,USA
104056,Roko,Karanusic,R,1982-09-05,CRO
104068,Robby,Ginepri,R,1982-10-07,USA
104076,Jose,Acasuso,R,1982-10-20,ARG
104081,Boris,Pashanski,R,1982-11-03,SRB
104098,Dmitry,Tursunov,R,1982-12-12,RUS
104122,Carlos,Berlocq,R,1983-02-03,ARG
104154,Paul,Capdeville,R,1983-04-02,CHI
104160,Lukas,Dlouhy,R,1983-04-09,CZE
104166,Alex,Bogomolov Jr,R,1983-04-23,RUS
104180,Gilles,Muller,L,1983-05-09,LUX
104198,Guillermo,Garcia Lopez,R,1983-06-04,ESP
104214,Igor,Andreev,R,1983-07-14,RUS
104216,Maximo,Gonzalez,R,1983-07-20,ARG
104225,Jan,Hajek,R,1983-08-07,CZE
104229,Yen Hsun,Lu,R,1983-08-14,TPE
104230,Daniel,Koellerer,R,1983-08-17,AUT
104252,Florian,Mayer,R,1983-10-05,GER
104259,Philipp,Kohlschreiber,R,1983-10-16,GER
104262,Flavio,Cipolla,R,1983-10-20,ITA
104268,Alejandro,Falla,L,1983-11-14,COL
104269,Fernando,Verdasco,L,1983-11-15,ESP
104273,Edouard Roger,Vasselin,R,1983-11-28,FRA
104291,Malek,Jaziri,R,1984-01-20,TUN
104297,Rogerio,Dutra Silva,R,1984-02-03,BRA
104308,Michal,Przysiezny,R,1984-02-16,POL
104312,Andreas,Seppi,R,1984-02-21,ITA
104314,Brian,Dabul,L,1984-02-24,ARG
104327,Steve,Darcis,R,1984-03-13,BEL
104330,Rajeev,Ram,R,1984-03-18,USA
104332,Philipp,Petzschner,R,1984-03-24,GER
104338,Juan,Monaco,R,1984-03-29,ARG
104339,Mario,Ancic,R,1984-03-30,CRO
104349,Rui,Machado,R,1984-04-10,POR
104371,Ivo,Minar,R,1984-05-21,CZE
104386,Janko,Tipsarevic,R,1984-06-22,SRB
104417,Robin,Soderling,R,1984-08-14,SWE
104424,Go,Soeda,R,1984-09-05,JPN
104433,Frank,Dancevic,R,1984-09-26,CAN
104460,Dustin,Brown,R,1984-12-08,GER
104468,Gilles,Simon,R,1984-12-27,FRA
104471,Ivan,Dodig,R,1985-01-02,CRO
104494,Adrian,Ungur,R,1985-01-25,ROU
104499,Jimmy,Wang,R,1985-02-08,TPE
104500,Somdev,Devvarman,R,1985-02-13,IND
104505,Konstantin,Kravchuk,R,1985-02-23,RUS
104523,Frederico,Gil,R,1985-03-24,POR
104527,Stanislas,Wawrinka,R,1985-03-28,SUI
104534,Dudi,Sela,R,1985-04-04,ISR
104542,Jo Wilfried,Tsonga,R,1985-04-17,FRA
104545,John,Isner,R,1985-04-26,USA
104547,Horacio,Zeballos,L,1985-04-27,ARG
104548,Brian,Baker,R,1985-04-30,USA
104559,Teymuraz,Gabashvili,R,1985-05-23,RUS
104563,Luca,Vanni,R,1985-06-04,ITA
104571,Marcos,Baghdatis,R,1985-06-17,CYP
104586,Lukas,Rosol,R,1985-07-24,CZE
104589,Chris,Guccione,L,1985-07-30,AUS
104593,Daniel,Gimeno Traver,R,1985-08-07,ESP
104594,Marinko,Matosevic,R,1985-08-08,AUS
104597,Nicolas,Almagro,R,1985-08-21,ESP
104607,Tomas,Berdych,R,1985-09-17,CZE
104619,Jesse,Huta Galung,R,1985-10-06,NED
104620,Simone,Bolelli,R,1985-10-08,ITA
104639,Wayne,Odesnik,L,1985-11-21,USA
104651,Martin,Alund,R,1985-12-26,ARG
104655,Pablo,Cuevas,R,1986-01-01,URU
104660,Sergiy,Stakhovsky,R,1986-01-06,UKR
104665,Pablo,Andujar,R,1986-01-23,ESP
104676,Andreas,Beck,L,1986-02-05,GER
104678,Viktor,Troicki,R,1986-02-10,SRB
104714,Julian,Reister,R,1986-04-02,GER
104719,Marcel,Granollers,R,1986-04-12,ESP
104721,Josselin,Ouanna,R,1986-04-14,FRA
104724,Eduardo,Schwank,R,1986-04-23,ARG
104731,Kevin,Anderson,R,1986-05-18,RSA
104735,Tobias,Kamke,R,1986-05-21,GER
104736,Farrukh,Dustov,R,1986-05-22,UZB
104745,Rafael,Nadal,L,1986-06-03,ESP
104755,Richard,Gasquet,R,1986-06-18,FRA
104792,Gael,Monfils,R,1986-09-01,FRA
104797,Denis,Istomin,R,1986-09-07,UZB
104813,Grega,Zemlja,R,1986-09-29,SLO
104868,James,Ward,R,1987-02-09,GBR
104871,Jeremy,Chardy,R,1987-02-12,FRA
104873,Aleksandr,Nedovyesov,R,1987-02-15,KAZ
104882,Blaz,Kavcic,R,1987-03-05,SLO
104890,Andreas,Haider Maurer,R,1987-03-22,AUT
104897,Matthias,Bachinger,R,1987-04-02,GER
104898,Robin,Haase,R,1987-04-06,NED
104918,Andy,Murray,R,1987-05-15,GBR
104919,Leonardo,Mayer,R,1987-05-15,ARG
104925,Novak,Djokovic,R,1987-05-22,SRB
104926,Fabio,Fognini,R,1987-05-24,ITA
104932,Kenny,De Schepper,L,1987-05-29,FRA
104947,Marsel,Ilhan,R,1987-06-11,TUR
104976,Ryan,Sweeting,R,1987-07-14,USA
104978,Daniel,Brands,R,1987-07-17,GER
104979,Andrey,Golubev,R,1987-07-22,KAZ
104997,Igor,Sijsling,R,1987-08-18,NED
104999,Mischa,Zverev,L,1987-08-22,GER
105011,Illya,Marchenko,R,1987-09-08,UKR
105023,Sam,Querrey,R,1987-10-07,USA
105028,Jesse,Levine,L,1987-10-15,CAN
105032,Samuel,Groth,R,1987-10-19,AUS
105041,Lukas,Lacko,R,1987-11-03,SVK
105051,Matthew,Ebden,R,1987-11-26,AUS
105053,Santiago,Giraldo,R,1987-11-27,COL
105062,Mikhail,Kukushkin,R,1987-12-26,KAZ
105064,Thomaz,Bellucci,L,1987-12-30,BRA
105065,Tim,Smyczek,R,1987-12-30,USA
105074,Ruben,Bemelmans,L,1988-01-14,BEL
105077,Albert,Ramos,L,1988-01-17,ESP
105095,Evgeny,Korolev,R,1988-02-14,KAZ
105132,Jurgen,Zopp,R,1988-03-29,EST
105137,Pere,Riba,R,1988-04-07,ESP
105138,Roberto,Bautista Agut,R,1988-04-14,ESP
105147,Tatsuma,Ito,R,1988-05-18,JPN
105154,Joao,Souza,R,1988-05-27,BRA
105155,Pedro,Sousa,R,1988-05-27,POR
105173,Adrian,Mannarino,L,1988-06-29,FRA
105208,Ernests,Gulbis,R,1988-08-30,LAT
105216,Yuichi,Sugita,R,1988-09-18,JPN
105217,Thiemo,De Bakker,R,1988-09-19,NED
105223,Juan Martin,Del Potro,R,1988-09-23,ARG
105227,Marin,Cilic,R,1988-09-28,CRO
105238,Alexandr,Dolgopolov,R,1988-11-07,UKR
105292,Alejandro,Gonzalez,R,1989-02-07,COL
105311,Joao,Sousa,R,1989-03-30,POR
105318,Thomas,Schoorel,L,1989-04-08,NED
105332,Benoit,Paire,R,1989-05-08,FRA
105341,Thomas,Fabbiano,R,1989-05-26,ITA
105357,John,Millman,R,1989-06-14,AUS
105373,Martin,Klizan,L,1989-07-11,SVK
105376,Peter,Gojowczyk,R,1989-07-15,GER
105379,Aljaz,Bedene,R,1989-07-18,SLO
105385,Donald,Young,L,1989-07-23,USA
105413,Andrej,Martin,R,1989-09-20,SVK
105430,Radu,Albot,R,1989-11-11,MDA
105432,Prajnesh,Gunneswaran,L,1989-11-12,IND
105438,Inigo,Cervantes Huegun,R,1989-11-30,ESP
105449,Steve,Johnson,R,1989-12-24,USA
105453,Kei,Nishikori,R,1989-12-29,JPN
105487,Facundo,Bagnis,L,1990-02-27,ARG
105526,Jan Lennard,Struff,R,1990-04-25,GER
105539,Evgeny,Donskoy,R,1990-05-09,RUS
105550,Guido,Pella,L,1990-05-17,ARG
105554,Daniel,Evans,R,1990-05-23,GBR
105558,Guillaume,Rufin,R,1990-05-26,FRA
105561,Alessandro,Giannessi,L,1990-05-30,ITA
105572,Austin,Krajicek,L,1990-06-16,USA
105575,Ricardas,Berankis,R,1990-06-21,LTU
105577,Vasek,Pospisil,R,1990-06-23,CAN
105583,Dusan,Lajovic,R,1990-06-30,SRB
105589,Gerald,Melzer,L,1990-07-13,AUT
105613,Norbert,Gombos,R,1990-08-13,SVK
105614,Bradley,Klahn,L,1990-08-20,USA
105641,Blaz,Rola,L,1990-10-05,SLO
105643,Federico,Delbonis,L,1990-10-05,ARG
105649,Cedrik Marcel,Stebe,L,1990-10-09,GER
105657,Marius,Copil,R,1990-10-17,ROU
105668,Jerzy,Janowicz,R,1990-11-13,POL
105671,Gastao,Elias,R,1990-11-24,POR
105676,David,Goffin,R,1990-12-07,BEL
105683,Milos,Raonic,R,1990-12-27,CAN
105723,Andrey,Kuznetsov,R,1991-02-22,RUS
105732,Pierre Hugues,Herbert,R,1991-03-18,FRA
105777,Grigor,Dimitrov,R,1991-05-16,BUL
105806,Mirza,Basic,R,1991-07-12,BIH
105807,Pablo,Carreno Busta,R,1991-07-12,ESP
105815,Tennys,Sandgren,R,1991-07-22,USA
105819,Guido,Andreozzi,R,1991-08-05,ARG
105870,Yannick,Hanfmann,U,1991-11-13,GER
105882,Stefano,Travaglia,U,1991-12-18,ITA
105902,James,Duckworth,R,1992-01-21,AUS
105916,Marton,Fucsovics,R,1992-02-08,HUN
105932,Nikoloz,Basilashvili,R,1992-02-23,RUS
105936,Filip,Krajinovic,R,1992-02-27,SRB
105952,Renzo,Olivo,R,1992-03-15,ARG
105967,Henri,Laaksonen,R,1992-03-31,SUI
105992,Ryan,Harrison,R,1992-05-07,USA
106000,Damir,Dzumhur,R,1992-05-20,BIH
106026,Yuki,Bhambri,R,1992-07-04,IND
106034,Yasutaka,Uchiyama,R,1992-08-05,JPN
106043,Diego Sebastian,Schwartzman,R,1992-08-16,ARG
106044,Nicolas,Kicker,R,1992-08-16,ARG
106045,Denis,Kudla,R,1992-08-17,USA
106058,Jack,Sock,R,1992-09-24,USA
106065,Marco,Cecchinato,R,1992-09-30,ITA
106071,Bernard,Tomic,R,1992-10-21,AUS
106075,Jozef,Kovalik,R,1992-11-04,SVK
106078,Egor,Gerasimov,R,1992-11-11,BLR
106099,Salvatore,Caruso,R,1992-12-15,ITA
106121,Taro,Daniel,R,1993-01-27,JPN
106148,Roberto,Carballes Baena,R,1993-03-23,ESP
106186,Jason,Kubler,R,1993-05-19,AUS
106198,Hugo,Dellien,R,1993-06-16,BOL
106210,Jiri,Vesely,L,1993-07-10,CZE
106216,Bjorn,Fratangelo,R,1993-07-19,USA
106228,Juan Ignacio,Londero,R,1993-08-15,ARG
106233,Dominic,Thiem,R,1993-09-03,AUT
106293,Kimmer,Coppejans,R,1994-02-07,BEL
106296,Gregoire,Barrere,R,1994-02-16,FRA
106298,Lucas,Pouille,R,1994-02-23,FRA
106329,Thiago,Monteiro,L,1994-05-31,BRA
106361,Adam,Pavlasek,R,1994-10-08,CZE
106378,Kyle,Edmund,R,1995-01-08,GBR
106401,Nick,Kyrgios,R,1995-04-27,AUS
106415,Yoshihito,Nishioka,L,1995-09-27,JPN
106421,Daniil,Medvedev,R,1996-02-11,RUS
106423,Thanasi,Kokkinakis,R,1996-04-10,AUS
106426,Christian,Garin,R,1996-05-30,CHI
106432,Borna,Coric,R,1996-11-14,CRO
106594,Attila,Korpas,R,,GER
106629,Birger,Andersson,R,,SWE
107413,Jorge,Cano,R,,ARG
107561,Leif,Johansson,R,,SWE
107828,Morees,Dubruyn,R,,RSA
107888,Olivier,Cayla,R,,FRA
108050,Rassel,Mayers,R,,ISR
108360,Teimuraz,Kakoulia,R,,RUS
109739,Maximilian,Marterer,L,1995-06-15,GER
111202,Hyeon,Chung,R,1996-05-19,KOR
111442,Jordan,Thompson,R,1994-04-20,AUS
111456,Mackenzie,Mcdonald,R,1995-04-16,USA
111513,Laslo,Djere,R,1995-06-02,SRB
111575,Karen,Khachanov,R,1996-05-21,RUS
111577,Jared,Donaldson,R,1996-10-09,USA
111581,Michael,Mmoh,R,1998-01-10,USA
111790,Brayden,Schnur,R,1995-07-04,CAN
111794,Kamil,Majchrzak,R,1996-01-13,POL
111797,Nicolas,Jarry,R,1995-10-11,CHI
111815,Cameron,Norrie,L,1995-08-23,GBR
120424,Yannick,Maden,U,1989-10-28,GER
122330,Alexander,Bublik,R,1997-06-17,KAZ
124014,Ernesto,Escobedo,R,1996-07-04,USA
124187,Reilly,Opelka,R,1997-08-28,USA
125802,Ilya,Ivashka,R,1994-02-24,BLR
126094,Andrey,Rublev,R,1997-10-20,RUS
126156,Antonie,Hoang,R,1995-11-04,FRA
126203,Taylor Harry,Fritz,R,1997-10-28,USA
126205,Tommy,Paul,R,1997-05-17,USA
126207,Francis,Tiafoe,R,1998-01-20,USA
126610,Matteo,Berrettini,R,1996-04-12,ITA
126774,Stefanos,Tsitsipas,R,1998-08-12,GRE
126952,Soon Woo,Kwon,R,1997-12-02,KOR
128034,Hubert,Hurkacz,R,1997-02-11,POL
132283,Lorenzo,Sonego,R,1995-05-11,ITA
133430,Denis,Shapovalov,L,1999-04-15,CAN
134770,Casper,Ruud,R,1998-12-22,NOR
136440,Dominik,Koepfer,L,1994-04-29,GER
144707,Mikael,Ymer,R,1998-09-09,SWE
144719,Jaume,Munar,R,1997-05-05,ESP
144750,Lloyd George Muirhead,Harris,R,1997-02-24,RSA
144895,Corentin,Moutet,L,1999-04-19,FRA
200000,Felix,Auger Aliassime,R,2000-08-08,CAN
200005,Ugo,Humbert,L,1998-06-26,FRA
200175,Miomir,Kecmanovic,R,1999-08-31,SRB
200221,Alejandro,Davidovich Fokina,R,1999-06-05,ESP
200282,Alex,De Minaur,R,1999-02-17,AUS
200615,Alexei,Popyrin,R,1999-08-05,AUS
206173,Jannik,Sinner,U,2001-08-16,ITA
